{
  "best_global_step": 200,
  "best_metric": 0.00013720427523367107,
  "best_model_checkpoint": "models\\safety_critic\\checkpoint-200",
  "epoch": 2.6357615894039736,
  "eval_steps": 100,
  "global_step": 200,
  "is_hyper_param_search": false,
  "is_local_process_zero": true,
  "is_world_process_zero": true,
  "log_history": [
    {
      "entropy": 2.4552585631608963,
      "epoch": 0.13245033112582782,
      "grad_norm": 0.9495936632156372,
      "learning_rate": 0.00019995958747931082,
      "logits/chosen": -3.7411323330734305,
      "logits/rejected": -3.7184196943557533,
      "logps/chosen": -37.21934666633606,
      "logps/rejected": -37.61118974685669,
      "loss": 0.6341741561889649,
      "mean_token_accuracy": 0.3940929163247347,
      "num_tokens": 14472.0,
      "rewards/accuracies": 0.6,
      "rewards/chosen": 0.00808784153778106,
      "rewards/margins": 0.13897577761672436,
      "rewards/rejected": -0.13088793591887224,
      "step": 10
    },
    {
      "entropy": 1.8235725820064546,
      "epoch": 0.26490066225165565,
      "grad_norm": 1.0125726461410522,
      "learning_rate": 0.00019854857596035476,
      "logits/chosen": -3.574045137393287,
      "logits/rejected": -3.575754614650729,
      "logps/chosen": -33.6138340473175,
      "logps/rejected": -51.047498321533205,
      "loss": 0.3121591091156006,
      "mean_token_accuracy": 0.4195871399715543,
      "num_tokens": 29057.0,
      "rewards/accuracies": 0.83125,
      "rewards/chosen": 0.1773368116468191,
      "rewards/margins": 1.770788791961968,
      "rewards/rejected": -1.5934519882313907,
      "step": 20
    },
    {
      "entropy": 1.1696819260716438,
      "epoch": 0.3973509933774834,
      "grad_norm": 1.3687275648117065,
      "learning_rate": 0.00019514948337334142,
      "logits/chosen": -2.816171422780601,
      "logits/rejected": -2.854064810012395,
      "logps/chosen": -33.41669416427612,
      "logps/rejected": -76.81233253479004,
      "loss": 0.21924030780792236,
      "mean_token_accuracy": 0.44487332105636596,
      "num_tokens": 43329.0,
      "rewards/accuracies": 0.90625,
      "rewards/chosen": 0.13456845693290234,
      "rewards/margins": 4.353144605457783,
      "rewards/rejected": -4.218576112389565,
      "step": 30
    },
    {
      "entropy": 1.0503019750118257,
      "epoch": 0.5298013245033113,
      "grad_norm": 0.15339702367782593,
      "learning_rate": 0.00018983088170477553,
      "logits/chosen": -2.257680944824101,
      "logits/rejected": -2.251784912071218,
      "logps/chosen": -37.41541423797607,
      "logps/rejected": -96.15098457336425,
      "loss": 0.04352975487709045,
      "mean_token_accuracy": 0.5008752334862947,
      "num_tokens": 57705.0,
      "rewards/accuracies": 0.99375,
      "rewards/chosen": -0.19840450529009104,
      "rewards/margins": 5.968128246068955,
      "rewards/rejected": -6.1665327787399296,
      "step": 40
    },
    {
      "entropy": 0.9622887335717678,
      "epoch": 0.6622516556291391,
      "grad_norm": 0.19883739948272705,
      "learning_rate": 0.00018270006637909907,
      "logits/chosen": -1.934621195500733,
      "logits/rejected": -1.874772165476595,
      "logps/chosen": -47.70282435417175,
      "logps/rejected": -116.11630516052246,
      "loss": 0.025088587403297426,
      "mean_token_accuracy": 0.527231989055872,
      "num_tokens": 72852.0,
      "rewards/accuracies": 0.99375,
      "rewards/chosen": -0.9586943700909615,
      "rewards/margins": 6.995629394054413,
      "rewards/rejected": -7.954323780536652,
      "step": 50
    },
    {
      "entropy": 0.9027255199849605,
      "epoch": 0.7947019867549668,
      "grad_norm": 0.81259685754776,
      "learning_rate": 0.00017390089172206592,
      "logits/chosen": -1.8776946582063723,
      "logits/rejected": -1.9053307314471752,
      "logps/chosen": -49.44444208145141,
      "logps/rejected": -123.37467555999756,
      "loss": 0.00790686085820198,
      "mean_token_accuracy": 0.5258442170917987,
      "num_tokens": 88160.0,
      "rewards/accuracies": 1.0,
      "rewards/chosen": -1.224446026980877,
      "rewards/margins": 7.5160326838493345,
      "rewards/rejected": -8.740478646755218,
      "step": 60
    },
    {
      "entropy": 0.8948570497334003,
      "epoch": 0.9271523178807947,
      "grad_norm": 0.03842717781662941,
      "learning_rate": 0.00016361086889890306,
      "logits/chosen": -1.8499694142468521,
      "logits/rejected": -1.8593891595087197,
      "logps/chosen": -48.15305681228638,
      "logps/rejected": -124.0504379272461,
      "loss": 0.0038312744349241258,
      "mean_token_accuracy": 0.5229208551347255,
      "num_tokens": 103002.0,
      "rewards/accuracies": 1.0,
      "rewards/chosen": -1.2081365624442697,
      "rewards/margins": 7.728972947597503,
      "rewards/rejected": -8.937109446525573,
      "step": 70
    },
    {
      "entropy": 0.8823482158936953,
      "epoch": 1.0529801324503312,
      "grad_norm": 0.007997971028089523,
      "learning_rate": 0.00015203758487233678,
      "logits/chosen": -1.643470112174979,
      "logits/rejected": -1.7005399740505347,
      "logps/chosen": -53.637995167782435,
      "logps/rejected": -139.1458898845472,
      "loss": 0.0004555811174213886,
      "mean_token_accuracy": 0.5308617259326734,
      "num_tokens": 116938.0,
      "rewards/accuracies": 1.0,
      "rewards/chosen": -1.4373583950494464,
      "rewards/margins": 8.67174916518362,
      "rewards/rejected": -10.109107594741019,
      "step": 80
    },
    {
      "entropy": 0.8500088065862655,
      "epoch": 1.185430463576159,
      "grad_norm": 0.00655436422675848,
      "learning_rate": 0.00013941451462304777,
      "logits/chosen": -1.5904320294681955,
      "logits/rejected": -1.6225596894076495,
      "logps/chosen": -54.283259582519534,
      "logps/rejected": -138.10536270141603,
      "loss": 0.00037040761671960356,
      "mean_token_accuracy": 0.520374795794487,
      "num_tokens": 132045.0,
      "rewards/accuracies": 1.0,
      "rewards/chosen": -1.6894818350672722,
      "rewards/margins": 8.54496933221817,
      "rewards/rejected": -10.234451174736023,
      "step": 90
    },
    {
      "entropy": 0.7956847913563252,
      "epoch": 1.3178807947019868,
      "grad_norm": 0.006046219263225794,
      "learning_rate": 0.00012599631111520954,
      "logits/chosen": -1.5461104287127028,
      "logits/rejected": -1.5688722469157454,
      "logps/chosen": -50.42152032852173,
      "logps/rejected": -137.7089334487915,
      "loss": 0.00029310686513781545,
      "mean_token_accuracy": 0.5172297798097134,
      "num_tokens": 146611.0,
      "rewards/accuracies": 1.0,
      "rewards/chosen": -1.4061241924762726,
      "rewards/margins": 8.835992622375489,
      "rewards/rejected": -10.24211688041687,
      "step": 100
    },
    {
      "epoch": 1.3178807947019868,
      "eval_entropy": 0.698265528678894,
      "eval_logits/chosen": -1.8249019802249022,
      "eval_logits/rejected": -1.821228853411595,
      "eval_logps/chosen": -51.800358072916666,
      "eval_logps/rejected": -139.5205520629883,
      "eval_loss": 0.00024612018023617566,
      "eval_mean_token_accuracy": 0.5522298445304235,
      "eval_num_tokens": 146611.0,
      "eval_rewards/accuracies": 1.0,
      "eval_rewards/chosen": -1.4342477520306904,
      "eval_rewards/margins": 8.921701526641845,
      "eval_rewards/rejected": -10.355949211120606,
      "eval_runtime": 8.1361,
      "eval_samples_per_second": 29.498,
      "eval_steps_per_second": 3.687,
      "step": 100
    },
    {
      "entropy": 0.7584062606096268,
      "epoch": 1.4503311258278146,
      "grad_norm": 0.004332595970481634,
      "learning_rate": 0.0001120536680255323,
      "logits/chosen": -1.6288329769166883,
      "logits/rejected": -1.650298242397362,
      "logps/chosen": -47.92304940223694,
      "logps/rejected": -135.68640670776367,
      "loss": 0.0002555545652285218,
      "mean_token_accuracy": 0.5085127994418144,